goods_id,商品名,商品名_原文,ジャンル,ジャンル_原文,直近成約価格_円,直近成約日,直近30日間の成約数_近似,直近30日間の平均成約価格_円,現在出品最安値_円,現在出品最高値_円,現在出品参考価格_円,現在出品数,備考,取得日
55,M4A1:全機待機 先鋒版(専属),M4A1: Golden Grandeur Vanguard Edition (Exclusive),銃器,Weapon,4427,2026-07-31,18,3397,4429,1583471,6334,178,※価格トレンドAPI(日次データ)に基づく近似値,2026-08-02
56,M4A1:全機待機 豪華版(専属),M4A1: Golden Grandeur Enjoy Edition (Exclusive),銃器,Weapon,,,,,6334,96799,12668,33,直近30日間の取引データなし,2026-08-02
57,M4A1:全機待機 進化版(専属),M4A1: Golden Grandeur Advanced Edition (Exclusive),銃器,Weapon,12668,2026-07-30,3,12668,12668,12668,25336,5,※価格トレンドAPI(日次データ)に基づく近似値,2026-08-02
58,M4A1:全機待機 旗艦版(専属),M4A1: Golden Grandeur Flagship Edition (Exclusive),銃器,Weapon,23752,2026-07-17,1,23752,23752,23752,47504,2,※価格トレンドAPI(日次データ)に基づく近似値,2026-08-02
59,M4A1:全機待機 豪華版Ⅰ(専属),M4A1: Golden Grandeur Deluxe Edition I (Exclusive),銃器,Weapon,42754,2026-08-02,6,43373,42754,72498,85507,6,※価格トレンドAPI(日次データ)に基づく近似値,2026-08-02
60,M4A1:全機待機 豪華版Ⅱ(専属),M4A1: Golden Grandeur Deluxe Edition II (Exclusive),銃器,Weapon,126678,2026-07-11,1,126678,126678,142512,253355,2,※価格トレンドAPI(日次データ)に基づく近似値,2026-08-02
61,M4A1:全機待機 豪華版Ⅲ(専属),M4A1: Golden Grandeur Deluxe Edition III (Exclusive),銃器,Weapon,,,,,356281,356281,712562,3,直近30日間の取引データなし,2026-08-02
62,95式:不知火舞 先鋒版(専属),QBZ-95: Mai Shiranui Vanguard Edition (Exclusive),銃器,Weapon,5955,2026-08-02,38,5968,5859,1583471,8709,126,※価格トレンドAPI(日次データ)に基づく近似値,2026-08-02
63,95式:不知火舞 豪華版(専属),QBZ-95: Mai Shiranui Enjoy Edition (Exclusive),銃器,Weapon,8886,2026-08-02,54,8684,8788,150389,17418,31,※価格トレンドAPI(日次データ)に基づく近似値,2026-08-02
64,95式:不知火舞 旗艦版(専属),QBZ-95: Mai Shiranui Flagship Edition (Exclusive),銃器,Weapon,13935,2026-08-02,26,14437,13935,42515,34836,17,※価格トレンドAPI(日次データ)に基づく近似値,2026-08-02
65,星宿:メカストームボックス,Starway: Mechanical Storm Box,お宝 / 宝箱,Treasure / treasure chest,,,,,39585,39587,22169,2,直近30日間の取引データなし,2026-08-02
66,星宿:ゴールドブレードボックス,Starway: Knife of the Golden Hall Box,お宝 / 宝箱,Treasure / treasure chest,,,,,94088,94088,22169,1,直近30日間の取引データなし,2026-08-02
67,「不思議な庭園」愛蔵版限定BOX,[Mysterious Garden] Collection Box,お宝 / 宝箱,Treasure / treasure chest,,,,,1583471,1583471,15835,1,直近30日間の取引データなし,2026-08-02
68,「Pearl Daydream」限定BOX,Time Garden Day Box,お宝 / 宝箱,Treasure / treasure chest,,,,,34325,64148,5384,3,直近30日間の取引データなし,2026-08-02
69,「Midnight Galaxy」限定BOX,Time Garden Midnight Box,お宝 / 宝箱,Treasure / treasure chest,,,,,22566,64148,5384,5,直近30日間の取引データなし,2026-08-02
80,M27:天下無双 先鋒版(専属),M27: Second to None Vanguard Edition (Exclusive),銃器,Weapon,,,,,792,1583471,1583,552,直近30日間の取引データなし,2026-08-02
81,M27:天下無双 豪華版(専属),M27: Second to None Enjoy Edition (Exclusive),銃器,Weapon,1583,2026-07-19,1,1583,1583,228034,3167,115,※価格トレンドAPI(日次データ)に基づく近似値,2026-08-02
82,M27:天下無双 進化版(専属),M27: Second to None Advanced Edition (Exclusive),銃器,Weapon,,,,,3167,269190,6334,17,直近30日間の取引データなし,2026-08-02
83,M27:天下無双 旗艦版(専属),M27: Second to None Flagship Edition (Exclusive),銃器,Weapon,,,,,5700,22169,11401,20,直近30日間の取引データなし,2026-08-02
84,M27:天下無双 豪華版Ⅰ(専属),M27: Second to None Deluxe Edition I (Exclusive),銃器,Weapon,,,,,11084,37006,22169,13,直近30日間の取引データなし,2026-08-02
85,M27:天下無双 豪華版Ⅱ(専属),M27: Second to None Deluxe Edition II (Exclusive),銃器,Weapon,,,,,21377,139773,42754,2,直近30日間の取引データなし,2026-08-02
86,M27:天下無双 豪華版Ⅲ(専属),M27: Second to None Deluxe Edition III (Exclusive),銃器,Weapon,39587,2026-07-21,1,39587,39587,321977,79174,21,※価格トレンドAPI(日次データ)に基づく近似値,2026-08-02
164,"HUNTER×HUNTER
トレーディングコラボガチャBOX",Hunter × Hunter collaboration Event Tradeable Lucky Draw,お宝 / 宝箱,Treasure / treasure chest,2416,2026-07-27,2,1302,2389,15835,1023,41,※価格トレンドAPI(日次データ)に基づく近似値,2026-08-02
429,トレーディングコラボガチャ:Fate/stay night [Heaven's Feel],Tradable Lucky Draw: Fate/Stay Night [Heaven's Feel],お宝 / 宝箱,Treasure / treasure chest,1319,2026-07-29,2,1377,1319,15835,1450,27,※価格トレンドAPI(日次データ)に基づく近似値,2026-08-02
430,AK-47:リヴァイ 進化版(専属),AK47: Strongest Human Enjoy Edition (Exclusive),銃器,Weapon,1267,2026-07-30,2,1267,1267,7917,2534,26,※価格トレンドAPI(日次データ)に基づく近似値,2026-08-02
431,M4A1:進撃の巨人 先鋒版(専属),M4A1: Power Reverence Vanguard Edition (Exclusive),銃器,Weapon,792,2026-08-02,12,1094,1074,1579265,1583,314,※価格トレンドAPI(日次データ)に基づく近似値,2026-08-02
432,M4A1:進撃の巨人 旗艦版(専属),M4A1: Power Reverence Flagship Edition (Exclusive),銃器,Weapon,1781,2026-07-28,25,1627,1758,1583471,3167,86,※価格トレンドAPI(日次データ)に基づく近似値,2026-08-02
433,M4A1:進撃の巨人 豪華旗艦版(専属),M4A1: Power Reverence Deluxe Flagship Edition (Exclusive),銃器,Weapon,3167,2026-08-01,13,3167,3167,17060,6334,49,※価格トレンドAPI(日次データ)に基づく近似値,2026-08-02
434,AK-47:リヴァイ 先鋒版(専属),AK47: Strongest Human Vanguard Edition (Exclusive),銃器,Weapon,633,2026-07-30,2,633,633,1583471,1267,380,※価格トレンドAPI(日次データ)に基づく近似値,2026-08-02
435,AK-47:リヴァイ 旗艦版(専属),AK47: Strongest Human Flagship Edition (Exclusive),銃器,Weapon,2375,2026-08-02,6,2375,2375,11551,4750,54,※価格トレンドAPI(日次データ)に基づく近似値,2026-08-02
436,M16A4:自由の翼 先鋒版(専属),M16A4: Liberty Wind Vanguard Edition (Exclusive),銃器,Weapon,811,2026-08-02,6,1060,1134,633388,1583,193,※価格トレンドAPI(日次データ)に基づく近似値,2026-08-02
437,M16A4:自由の翼 進化版(専属),M16A4: Liberty Wind Enjoy Edition (Exclusive),銃器,Weapon,2706,2026-08-02,11,2475,2123,12828,3167,22,※価格トレンドAPI(日次データ)に基づく近似値,2026-08-02
438,M16A4:自由の翼 旗艦版(専属),M16A4: Liberty Wind Flagship Edition (Exclusive),銃器,Weapon,3167,2026-08-02,47,3327,3167,21166,6334,74,※価格トレンドAPI(日次データ)に基づく近似値,2026-08-02
443,M27:ドラゴンフォース 旗艦版(専属),M27: Dragon Force Flagship Edition (exclusive),銃器,Weapon,6334,2026-08-02,15,6337,6334,30607,12668,98,※価格トレンドAPI(日次データ)に基づく近似値,2026-08-02
444,P90:ドラゴンフォース 先鋒版(専属),P90: Dragon Force Vanguard Edition (Exclusive),不明（カテゴリタグなし）,,793,2026-07-13,1,793,792,6288,1583,52,※価格トレンドAPI(日次データ)に基づく近似値,2026-08-02
445,P90:ドラゴンフォース 豪華版(専属),P90: Dragon Force Enjoy Edition (Exclusive),不明（カテゴリタグなし）,,,,,,1705,4161,3167,16,直近30日間の取引データなし,2026-08-02
446,P90:ドラゴンフォース 旗艦版(専属),P90: Dragon Force Flagship Edition (exclusive),不明（カテゴリタグなし）,,3167,2026-07-30,6,3167,3167,316694,6334,10,※価格トレンドAPI(日次データ)に基づく近似値,2026-08-02
447,SACR-L:ドラゴンフォース 先鋒版(専属),SACR-L: Dragon Force Vanguard Edition (Exclusive),銃器,Weapon,1583,2026-08-02,3,1584,1583,144962,3167,50,※価格トレンドAPI(日次データ)に基づく近似値,2026-08-02
448,SACR-L:ドラゴンフォース 豪華版(専属),SACR-L: Dragon Force Enjoy Edition (Exclusive),銃器,Weapon,7419,2026-07-28,2,6065,4861,17420,8160,13,※価格トレンドAPI(日次データ)に基づく近似値,2026-08-02
449,SACR-L:ドラゴンフォース 旗艦版(専属),SACR-L: Dragon Force Flagship Edition (Exclusive),銃器,Weapon,6334,2026-08-02,20,6334,6334,15149,12668,17,※価格トレンドAPI(日次データ)に基づく近似値,2026-08-02
450,CS LR4:ドラゴンフォース 先鋒版(専属),CS/LR-4: Dragon Force Vanguard Edition (Exclusive),不明（カテゴリタグなし）,,3569,2026-07-30,5,3138,3864,6133,4027,8,※価格トレンドAPI(日次データ)に基づく近似値,2026-08-02
451,CS LR4:ドラゴンフォース 豪華版(専属),CS/LR-4: Dragon Force Enjoy Edition (Exclusive),不明（カテゴリタグなし）,,6334,2026-07-31,5,5367,6334,8899,6967,6,※価格トレンドAPI(日次データ)に基づく近似値,2026-08-02
452,CS LR4:ドラゴンフォース 旗艦版(専属),CS/LR-4: Dragon Force Flagship Edition (exclusive),不明（カテゴリタグなし）,,9276,2026-08-02,35,9711,9179,9960,10410,8,※価格トレンドAPI(日次データ)に基づく近似値,2026-08-02
453,M27:ドラゴンフォース 先鋒版(専属),M27: Dragon Force Vanguard Edition (Exclusive),銃器,Weapon,,,,,1583,8730,3167,42,直近30日間の取引データなし,2026-08-02
454,M27:ドラゴンフォース 豪華版(専属),M27: Dragon Force Enjoy Edition (Exclusive),銃器,Weapon,3167,2026-07-30,3,3167,3167,12668,6334,11,※価格トレンドAPI(日次データ)に基づく近似値,2026-08-02
466,HK50:炎炎ノ消防隊 先鋒版(専属),HK50: Blaze Firefighters Vanguard Edition (Exclusive),銃器,Weapon,,,,,776,5881,792,26,直近30日間の取引データなし,2026-08-02
467,HK50:炎炎ノ消防隊 豪華版(専属),HK50: Blaze Firefighters Enjoy Edition (Exclusive),銃器,Weapon,728,2026-07-26,2,647,1028,2622,1583,9,※価格トレンドAPI(日次データ)に基づく近似値,2026-08-02
468,HK50:炎炎ノ消防隊 旗艦版(専属),HK50: Blaze Firefighters Flagship Edition (Exclusive),銃器,Weapon,944,2026-07-30,2,1330,3167,4750,3167,2,※価格トレンドAPI(日次データ)に基づく近似値,2026-08-02
469,M860:ハーレイ･クイン 先鋒版(専属),M860: Harley Quinn Vanguard Edition (Exclusive),不明（カテゴリタグなし）,,1420,2026-07-21,1,1420,2141,4152,792,8,※価格トレンドAPI(日次データ)に基づく近似値,2026-08-02
470,M860:ハーレイ･クイン 豪華版(専属),M860: Harley Quinn Enjoy Edition (Exclusive),不明（カテゴリタグなし）,,3783,2026-07-22,1,3783,3784,4369,1583,2,※価格トレンドAPI(日次データ)に基づく近似値,2026-08-02
471,M860:ハーレイ･クイン 旗艦版(専属),M860: Harley Quinn Flagship Edition (Exclusive),不明（カテゴリタグなし）,,,,,,6334,7126,3167,6,直近30日間の取引データなし,2026-08-02
472,AUG:ハーレイ･クイン 先鋒版(専属),AUG: Harley Quinn Vanguard Edition (Exclusive),銃器,Weapon,173,2026-07-18,2,424,663,4828,792,22,※価格トレンドAPI(日次データ)に基づく近似値,2026-08-02
473,AUG:ハーレイ･クイン 豪華版(専属),AUG: Harley Quinn Enjoy Edition (Exclusive),銃器,Weapon,656,2026-07-27,1,656,1805,11308,1583,14,※価格トレンドAPI(日次データ)に基づく近似値,2026-08-02
474,AUG:ハーレイ･クイン 旗艦版(専属),AUG: Harley Quinn Flagship Edition (exclusive),銃器,Weapon,3460,2026-07-07,1,3460,4750,30629,3167,2,※価格トレンドAPI(日次データ)に基づく近似値,2026-08-02
476,初号機95式 Ⅲ型(専属),QBZ-95: Unit-01 Type III (Exclusive),銃器,Weapon,8484,2026-07-24,7,11349,6811,11417,6334,2,※価格トレンドAPI(日次データ)に基づく近似値,2026-08-02
477,初号機95式 覚醒型(専属),QBZ-95: Unit-01 Awakening(Exclusive),銃器,Weapon,9764,2026-08-02,49,12851,9765,30669,12668,17,※価格トレンドAPI(日次データ)に基づく近似値,2026-08-02
478,初号機95式 Ⅱ型(専属),QBZ-95: Unit-01 Type II (Exclusive),銃器,Weapon,3659,2026-08-02,32,4382,3905,10337,4457,6,※価格トレンドAPI(日次データ)に基づく近似値,2026-08-02
479,初号機95式 Ⅰ型(専属),QBZ-95: Unit-01 Type I (Exclusive),銃器,Weapon,2817,2026-07-31,12,3779,3905,11322,3097,18,※価格トレンドAPI(日次データ)に基づく近似値,2026-08-02
516,M27:ハンコック Lv.1(専属),M27: Pirate Empress Vanguard Edition (Exclusive),銃器,Weapon,,,,,1113,2850,2850,6,直近30日間の取引データなし,2026-08-02
517,M27:ハンコック Lv.2(専属),M27: Pirate Empress Enjoy Edition (Exclusive),銃器,Weapon,,,,,3466,3466,5067,1,直近30日間の取引データなし,2026-08-02
518,M27:ハンコック Lv.3(専属),M27: Pirate Empress Advanced Edition (Exclusive),銃器,Weapon,,,,,0,0,9818,0,直近30日間の取引データなし,2026-08-02
519,M27:ハンコック Lv.4(専属),M27: Pirate Empress Flagship Edition (Exclusive),銃器,Weapon,7126,2026-07-26,1,7126,17876,19002,19002,2,※価格トレンドAPI(日次データ)に基づく近似値,2026-08-02
520,M27:ハンコック Lv.5(専属),M27: Pirate Empress Deluxe Edition I (Exclusive),銃器,Weapon,,,,,0,0,31669,0,直近30日間の取引データなし,2026-08-02
521,M27:ハンコック Lv.6(専属),M27: Pirate Empress Deluxe Edition II (Exclusive),銃器,Weapon,,,,,0,0,42754,0,直近30日間の取引データなし,2026-08-02
522,M27:ハンコック Lv.7(専属),M27: Empress Deluxe Edition III(Exclusive),銃器,Weapon,,,,,19002,19002,50671,4,直近30日間の取引データなし,2026-08-02
523,「HEADLINERS:星の演説者」BOX,Rainbow Sounds: Planet Speech Box,お宝 / 宝箱,Treasure / treasure chest,,,,,31669,31669,22169,1,直近30日間の取引データなし,2026-08-02
524,「HEADLINERS:センターステップ」BOX,Rainbow Sounds: Fantasy Dance Box,お宝 / 宝箱,Treasure / treasure chest,,,,,0,0,22169,0,直近30日間の取引データなし,2026-08-02
525,95式:チョッパー Lv.1(専属),QBZ-95: Chopper Pioneer Edition (Exclusive),銃器,Weapon,317,2026-07-12,2,317,317,3708,1583,84,※価格トレンドAPI(日次データ)に基づく近似値,2026-08-02
526,95式:チョッパー Lv.2(専属),QBZ-95: Chopper Enjoyment Edition (Exclusive),銃器,Weapon,,,,,633,5043,3167,40,直近30日間の取引データなし,2026-08-02
527,95式:チョッパー Lv.3(専属),95式:乔巴 Aggressive Edition (Exclusive),銃器,Weapon,,,,,1344,5035,6334,2,直近30日間の取引データなし,2026-08-02
528,95式:チョッパー Lv.4(専属),QBZ-95: Chopper Flagship Edition (Exclusive),銃器,Weapon,,,,,2534,1485362,11401,24,直近30日間の取引データなし,2026-08-02
529,95式:チョッパー Lv.5(専属),QBZ-95: Chopper Deluxe Edition I(Exclusive),銃器,Weapon,,,,,4758,7485,9501,2,直近30日間の取引データなし,2026-08-02
530,95式:チョッパー Lv.6(専属),QBZ-95: Chopper Deluxe Edition II (Exclusive),銃器,Weapon,,,,,8709,20979,17418,5,直近30日間の取引データなし,2026-08-02
531,95式:チョッパー Lv.7(専属),QBZ-95: Chopper Deluxe Edition III (Exclusive),銃器,Weapon,,,,,17418,27081,31669,5,直近30日間の取引データなし,2026-08-02
532,AK14:チョッパー Lv.1(専属),AK14: Chopper Vanguard Edition (Exclusive),銃器,Weapon,290,2026-07-28,2,268,298,6381,318,49,※価格トレンドAPI(日次データ)に基づく近似値,2026-08-02
533,AK14:チョッパー Lv.2(専属),AK14: Chopper Enjoy Edition (Exclusive),銃器,Weapon,1056,2026-07-11,2,845,1188,5192,633,7,※価格トレンドAPI(日次データ)に基づく近似値,2026-08-02
534,AK14:チョッパー Lv.3(専属),AK14: Chopper Advanced Edition (Exclusive),銃器,Weapon,827,2026-07-10,1,827,0,0,1267,0,※価格トレンドAPI(日次データ)に基づく近似値,2026-08-02
535,AK14:チョッパー Lv.4(専属),AK14: Chopper Flagship Edition (Exclusive),銃器,Weapon,,,,,5700,5700,2534,1,直近30日間の取引データなし,2026-08-02
536,AK14:チョッパー Lv.5(専属),AK14: Chopper Deluxe Edition I (Exclusive),銃器,Weapon,,,,,0,0,5067,0,直近30日間の取引データなし,2026-08-02
537,AK14:チョッパー Lv.6(専属),AK14: Chopper Deluxe Edition II (Exclusive),銃器,Weapon,,,,,23160,23160,10134,1,直近30日間の取引データなし,2026-08-02
538,AK14:チョッパー Lv.7(専属),AK14: Chopper Deluxe Edition III (Exclusive),銃器,Weapon,,,,,0,0,20268,0,直近30日間の取引データなし,2026-08-02
539,SK12:チョッパー Lv.1(専属),SK12: Chopper Vanguard Edition (Exclusive),不明（カテゴリタグなし）,,188,2026-07-17,6,163,280,1583313,792,337,※価格トレンドAPI(日次データ)に基づく近似値,2026-08-02
540,SK12:チョッパー Lv.2(専属),SK12: Chopper Deluxe Edition (Exclusive),不明（カテゴリタグなし）,,317,2026-08-02,2,317,934,34615,1583,40,※価格トレンドAPI(日次データ)に基づく近似値,2026-08-02
541,SK12:チョッパー Lv.3(専属),SK12: Chopper Deluxe Edition (Exclusive),不明（カテゴリタグなし）,,633,2026-07-15,1,633,2255,3157,3167,2,※価格トレンドAPI(日次データ)に基づく近似値,2026-08-02
542,SK12:チョッパー Lv.4(専属),SK12: Chopper Flagship Edition (Exclusive),不明（カテゴリタグなし）,,,,,,4918,6334,6334,2,直近30日間の取引データなし,2026-08-02
543,SK12:チョッパー Lv.5(専属),SK12: Chopper Deluxe Edition I (Exclusive),不明（カテゴリタグなし）,,,,,,2819,2819,10134,1,直近30日間の取引データなし,2026-08-02
544,SK12:チョッパー Lv.6(専属),SK12: Chopper Deluxe Edition II (Exclusive),不明（カテゴリタグなし）,,,,,,4730,4730,14251,1,直近30日間の取引データなし,2026-08-02
545,SK12:チョッパー Lv.7(専属),SK12: Chopper Deluxe Edition III (Exclusive),不明（カテゴリタグなし）,,,,,,0,0,17418,0,直近30日間の取引データなし,2026-08-02
546,UZI:チョッパー Lv.1(専属),UZI: Chopper Pioneer Edition (Exclusive),不明（カテゴリタグなし）,,188,2026-07-17,3,179,160,86058,792,60,※価格トレンドAPI(日次データ)に基づく近似値,2026-08-02
547,UZI:チョッパー Lv.2(専属),UZI: Chopper Premium Edition (Exclusive),不明（カテゴリタグなし）,,580,2026-07-11,1,580,823,5263,1583,10,※価格トレンドAPI(日次データ)に基づく近似値,2026-08-02
548,UZI:チョッパー Lv.3(専属),UZI: Tony Tony Chopper Enterprising Edition (Exclusive),不明（カテゴリタグなし）,,,,,,751,4750,3167,2,直近30日間の取引データなし,2026-08-02
549,UZI:チョッパー Lv.4(専属),UZI: Tony Tony Chopper Flagship Edition (Exclusive),不明（カテゴリタグなし）,,,,,,0,0,6334,0,直近30日間の取引データなし,2026-08-02
550,UZI:チョッパー Lv.5(専属),UZI: Chopper Deluxe Edition I (Exclusive),不明（カテゴリタグなし）,,,,,,0,0,10134,0,直近30日間の取引データなし,2026-08-02
551,UZI:チョッパー Lv.6(専属),UZI: Chopper Deluxe Edition II (Exclusive),不明（カテゴリタグなし）,,,,,,0,0,14251,0,直近30日間の取引データなし,2026-08-02
552,UZI:チョッパー Lv.7(専属),UZI: Chopper Deluxe Edition III(Exclusive),不明（カテゴリタグなし）,,,,,,0,0,17418,0,直近30日間の取引データなし,2026-08-02
553,AUG:ハンコック Lv.1(専属),AUG: Pirate Empress Pioneer Edition (Exclusive),銃器,Weapon,,,,,1602,3099,2850,7,直近30日間の取引データなし,2026-08-02
554,AUG:ハンコック Lv.2(専属),AUG: Pirate Empress Enjoy Version (Exclusive),銃器,Weapon,,,,,2059,2059,5067,1,直近30日間の取引データなし,2026-08-02
555,AUG:ハンコック Lv.3(専属),AUG: Pirate Empress Advanced Edition (Exclusive),銃器,Weapon,,,,,4723,5183,9818,2,直近30日間の取引データなし,2026-08-02
556,AUG:ハンコック Lv.4(専属),AUG: Pirate Empress Flagship Edition (Exclusive),銃器,Weapon,,,,,7126,7126,19002,1,直近30日間の取引データなし,2026-08-02
557,AUG:ハンコック Lv.5(専属),AUG: Pirate Empress Deluxe Edition I (Exclusive),銃器,Weapon,,,,,0,0,31669,0,直近30日間の取引データなし,2026-08-02
558,AUG:ハンコック Lv.6(専属),AUG: Pirate Empress Deluxe Edition II (Exclusive),銃器,Weapon,,,,,17990,17990,42754,1,直近30日間の取引データなし,2026-08-02
559,AUG:ハンコック Lv.7(専属),AUG: Pirate Empress Deluxe Edition III (Exclusive),銃器,Weapon,,,,,0,0,50671,0,直近30日間の取引データなし,2026-08-02
560,81式:ハンコック Lv.1(専属),81式: Pirate Empress Vanguard Edition (Exclusive),銃器,Weapon,,,,,1108,2692,2850,17,直近30日間の取引データなし,2026-08-02
561,81式:ハンコック Lv.2(専属),Type 81: Pirate Empress Enjoyment Edition (Exclusive),銃器,Weapon,,,,,0,0,5067,0,直近30日間の取引データなし,2026-08-02
562,81式:ハンコック Lv.3(専属),Type 81: Pirate Empress Advanced Edition (Exclusive),銃器,Weapon,,,,,0,0,9818,0,直近30日間の取引データなし,2026-08-02
563,81式:ハンコック Lv.4(専属),Type 81: Pirate Empress Flagship Edition (Exclusive),銃器,Weapon,,,,,7126,7126,19002,3,直近30日間の取引データなし,2026-08-02
564,81式:ハンコック Lv.5(専属),Type 81: Pirate Empress Deluxe Edition I (Exclusive),銃器,Weapon,,,,,0,0,31669,0,直近30日間の取引データなし,2026-08-02
565,81式:ハンコック Lv.6(専属),Type 81: Pirate Empress Deluxe Edition II (Exclusive),銃器,Weapon,,,,,0,0,42754,0,直近30日間の取引データなし,2026-08-02
566,81式:ハンコック Lv.7(専属),81式: Pirate Empress Deluxe Edition III(Exclusive),銃器,Weapon,,,,,0,0,50671,0,直近30日間の取引データなし,2026-08-02
576,輸送機:クロノエージェント,Fighter Plane: Epochal Energy,乗り物 / 輸送機,Vehicle / Transport Aircraft,,,,,0,0,79174,0,直近30日間の取引データなし,2026-08-02
577,輸送機:クロノエージェント 精錬Ⅰ,Fighter Plane: Epochal Energy Phantasm I,乗り物 / 輸送機,Vehicle / Transport Aircraft,87091,2026-07-07,1,87091,87091,110843,110843,12,※価格トレンドAPI(日次データ)に基づく近似値,2026-08-02
578,輸送機:クロノエージェント 精錬Ⅱ,Fighter Plane: Epochal Energy Phantasm II,乗り物 / 輸送機,Vehicle / Transport Aircraft,,,,,110843,110843,142512,12,直近30日間の取引データなし,2026-08-02
579,輸送機:クロノエージェント 精錬Ⅲ,Fighter Plane: Epochal Energy Phantasm III,乗り物 / 輸送機,Vehicle / Transport Aircraft,126678,2026-07-12,1,126678,126678,126678,158347,1,※価格トレンドAPI(日次データ)に基づく近似値,2026-08-02
580,輸送機:クロノエージェント 精錬Ⅳ,Fighter Plane: Epochal Energy Phantasm IV,乗り物 / 輸送機,Vehicle / Transport Aircraft,158347,2026-07-16,1,158347,158347,158347,190017,2,※価格トレンドAPI(日次データ)に基づく近似値,2026-08-02
581,輸送機:クロノエージェント 精錬Ⅴ,Fighter Plane: Epochal Energy Phantasm V,乗り物 / 輸送機,Vehicle / Transport Aircraft,,,,,213769,253355,253355,7,直近30日間の取引データなし,2026-08-02
582,AK-47:ゾロ Lv.1(専属),AK47: Zoro Vanguard Edition (Exclusive),銃器,Weapon,,,,,1688,2269,2217,5,直近30日間の取引データなし,2026-08-02
583,AK-47:ゾロ Lv.2(専属),AK47: Zoro Enjoy Edition (Exclusive),銃器,Weapon,,,,,3797,5856,3959,2,直近30日間の取引データなし,2026-08-02
584,AK-47:ゾロ Lv.3(専属),AK47: Zoro Deluxe Edition (Exclusive),銃器,Weapon,,,,,0,0,7917,0,直近30日間の取引データなし,2026-08-02
585,AK-47:ゾロ Lv.4(専属),AK47: Zoro Flagship Edition (Exclusive),銃器,Weapon,,,,,7126,14251,14251,4,直近30日間の取引データなし,2026-08-02
586,AK-47:ゾロ Lv.5(専属),AK47: Zoro Deluxe Edition I(Exclusive),銃器,Weapon,,,,,0,0,22802,0,直近30日間の取引データなし,2026-08-02
587,AK-47:ゾロ Lv.6(専属),MK5:総長の威光,銃器,Weapon,,,,,15835,19040,31669,3,直近30日間の取引データなし,2026-08-02
588,AK-47:ゾロ Lv.7(専属),AK47: Zoro Deluxe Edition III (Exclusive),銃器,Weapon,,,,,19002,41110,38003,7,直近30日間の取引データなし,2026-08-02
589,AUG:ゾロ Lv.1(専属),AUG: Zoro Vanguard Edition (Exclusive),銃器,Weapon,,,,,2185,2185,2217,1,直近30日間の取引データなし,2026-08-02
590,AUG:ゾロ Lv.2(専属),AUG: Zoro Enjoy Edition (Exclusive),銃器,Weapon,,,,,2239,5686,3959,5,直近30日間の取引データなし,2026-08-02
591,AUG:ゾロ Lv.3(専属),AUG: Zoro Initiative Edition (Exclusive),銃器,Weapon,,,,,6467,6467,7917,2,直近30日間の取引データなし,2026-08-02
592,AUG:ゾロ Lv.4(専属),AUG: Zoro Flagship Edition (Exclusive),銃器,Weapon,,,,,7126,11897,14251,6,直近30日間の取引データなし,2026-08-02
593,AUG:ゾロ Lv.5(専属),AUG: Zoro Deluxe Edition I (Exclusive),銃器,Weapon,,,,,0,0,22802,0,直近30日間の取引データなし,2026-08-02
594,AUG:ゾロ Lv.6(専属),AUG: Zoro Deluxe Edition II (Exclusive),銃器,Weapon,,,,,15835,15835,31669,1,直近30日間の取引データなし,2026-08-02
595,M4A1:ゾロ Lv.1(専属),M4A1: Zoro Vanguard Edition (Exclusive),銃器,Weapon,,,,,0,0,3167,0,直近30日間の取引データなし,2026-08-02
596,M4A1:ゾロ Lv.2(専属),M4A1: Zoro Grandeur Enjoy Edition (Exclusive),銃器,Weapon,,,,,3167,3167,6334,1,直近30日間の取引データなし,2026-08-02
597,M4A1:ゾロ Lv.3(専属),M4A1: Zoro Advance Edition (Exclusive),銃器,Weapon,6334,2026-08-01,1,6334,6334,6334,12668,1,※価格トレンドAPI(日次データ)に基づく近似値,2026-08-02
598,M4A1:ゾロ Lv.4(専属),M4A1: Zoro Flagship Edition (Exclusive),銃器,Weapon,,,,,9501,15922,19002,10,直近30日間の取引データなし,2026-08-02
599,M4A1:ゾロ Lv.5(専属),M4A1: Zoro Deluxe Edition I (Exclusive),銃器,Weapon,,,,,0,0,28502,0,直近30日間の取引データなし,2026-08-02
600,M4A1:ゾロ Lv.6(専属),M4A1: Zoro Deluxe Edition II (Exclusive),銃器,Weapon,,,,,21377,21377,47504,1,直近30日間の取引データなし,2026-08-02
601,M4A1:ゾロ Lv.7(専属),M4A1: Zoro Deluxe Edition III (Exclusive),銃器,Weapon,,,,,28502,28502,71256,9,直近30日間の取引データなし,2026-08-02
602,AUG:ゾロ Lv.7(専属),AUG: Zoro Deluxe Edition III(Exclusive),銃器,Weapon,,,,,19002,19002,38003,2,直近30日間の取引データなし,2026-08-02
604,M4A1:進撃の巨人 豪華旗艦版+(専属),M4A1: Power Reverence Deluxe Flagship Edition+ (Exclusive),銃器,Weapon,6334,2026-07-29,15,6334,6334,12758,12668,7,※価格トレンドAPI(日次データ)に基づく近似値,2026-08-02
606,光り輝く夢(専属),Shining Dream (Exclusive),衣装 / セット,Outfit / Set,1059,2026-08-01,2,1059,1053,1827,1164,9,※価格トレンドAPI(日次データ)に基づく近似値,2026-08-02
607,マシュマロバニー(専属),Bonnie Cotton Candy (Exclusive),衣装 / セット,Outfit / Set,570,2026-08-01,8,469,581,5170,627,19,※価格トレンドAPI(日次データ)に基づく近似値,2026-08-02
608,トレーディングコラボガチャBOX:チェンソーマン第2弾,Tradable collaboration Lucky Draw: Chainsaw Man Phase 2,お宝 / 宝箱,Treasure / treasure chest,,,,,1583,1583,317,242,直近30日間の取引データなし,2026-08-02
632,トレーディングコラボガチャBOX:転スラ第1弾,Tradable Lucky Draw: That Time I Got Reincarnated as a Slime Phase 1,お宝 / 宝箱,Treasure / treasure chest,,,,,1431,1583,317,829,直近30日間の取引データなし,2026-08-02
633,M4A1:クロノエージェント 先鋒版,M4A1: Epochal Energy Vanguard Edition,銃器,Weapon,2914,2026-08-02,1,2914,2074,6334,3205,15,※価格トレンドAPI(日次データ)に基づく近似値,2026-08-02
634,M4A1:クロノエージェント 豪華版,M4A1: Epochal Energy Enjoy Edition,銃器,Weapon,2084,2026-07-27,2,2071,3324,10749,3959,51,※価格トレンドAPI(日次データ)に基づく近似値,2026-08-02
635,M4A1:クロノエージェント 進化版,M4A1: Epochal Energy Advanced Edition,銃器,Weapon,,,,,0,0,4750,0,直近30日間の取引データなし,2026-08-02
636,M4A1:クロノエージェント 旗艦版,M4A1: Epochal Energy Flagship Edition,銃器,Weapon,,,,,4434,53550,6334,18,直近30日間の取引データなし,2026-08-02
637,M4A1:クロノエージェント 豪華版Ⅰ,M4A1: Epochal Energy Deluxe Edition I,銃器,Weapon,,,,,0,0,12668,0,直近30日間の取引データなし,2026-08-02
638,M4A1:クロノエージェント 豪華版Ⅱ,M4A1: Epochal Energy Deluxe Edition II,銃器,Weapon,,,,,9501,17352,19002,12,直近30日間の取引データなし,2026-08-02
639,M4A1:クロノエージェント 豪華版Ⅲ,M4A1: Epochal Energy Deluxe Edition III,銃器,Weapon,,,,,0,0,25336,0,直近30日間の取引データなし,2026-08-02
640,M4A1:クロノエージェント･周年DX I,M4A1: Epochal Energy - Anniversary Platinum I,銃器,Weapon,15835,2026-08-02,40,15835,15835,39587,31669,23,※価格トレンドAPI(日次データ)に基づく近似値,2026-08-02
641,M4A1:クロノエージェント･周年DX II,M4A1: Epochal Energy - Anniversary Platinum II,銃器,Weapon,38003,2026-07-30,8,38003,38003,84146,76007,30,※価格トレンドAPI(日次データ)に基づく近似値,2026-08-02
642,M4A1:クロノエージェント･周年DX III,M4A1: Epochal Energy - Anniversary Platinum III,銃器,Weapon,,,,,102926,102926,205851,1,直近30日間の取引データなし,2026-08-02
643,カエルサプライズ･超レア(取引可能),Frog Surprise - Super rare (Tradeable),お宝 / 宝箱,Treasure / treasure chest,158,2026-07-29,2,158,158,10359,317,283,※価格トレンドAPI(日次データ)に基づく近似値,2026-08-02
646,トレーディングコラボガチャ:にじさんじ,Tradable Lucky Draw: NIJISANJI,お宝 / 宝箱,Treasure / treasure chest,,,,,1583,1583,317,340,直近30日間の取引データなし,2026-08-02
657,AWM:雷槍 先鋒版(専属),AWM: Thunder Gun Vanguard Edition (Exclusive),不明（カテゴリタグなし）,,792,2026-07-17,3,792,792,15515,1583,62,※価格トレンドAPI(日次データ)に基づく近似値,2026-08-02
658,AWM:雷槍 豪華版(専属),AWM: Thunder Gun Enjoy Edition (Exclusive),不明（カテゴリタグなし）,,1583,2026-07-11,1,1583,1583,3243,3167,10,※価格トレンドAPI(日次データ)に基づく近似値,2026-08-02
659,AWM:雷槍 旗艦版(専属),AWM: Thunder Gun Flagship Edition (Exclusive),不明（カテゴリタグなし）,,3167,2026-07-30,2,3167,3167,6334,6334,12,※価格トレンドAPI(日次データ)に基づく近似値,2026-08-02
660,M16A4:信念の戦い 先鋒版(専属),M16A4: Battle of Faith Vanguard Edition (Exclusive),銃器,Weapon,,,,,792,19358,1583,167,直近30日間の取引データなし,2026-08-02
661,M16A4:信念の戦い 豪華版(専属),M16A4: Battle of Faith Enjoy Edition (Exclusive),銃器,Weapon,,,,,1583,19203,3167,36,直近30日間の取引データなし,2026-08-02
662,M16A4:信念の戦い 旗艦版(専属),M16A4: Battle of Faith Flagship Edition (Exclusive),銃器,Weapon,3167,2026-07-12,1,3167,3167,6624,6334,16,※価格トレンドAPI(日次データ)に基づく近似値,2026-08-02
693,トレーディングコラボガチャBOX:呪術廻戦第1弾,Tradable Lucky Draw: Jujutsu Kaisen Phase 1,お宝 / 宝箱,Treasure / treasure chest,,,,,1583,1583,317,323,直近30日間の取引データなし,2026-08-02
711,M4A1:2号機 先鋒版(専属),M4A1: Unit-02 Vanguard Edition (Exclusive),銃器,Weapon,1742,2026-08-01,6,1746,1895,30213,1916,31,※価格トレンドAPI(日次データ)に基づく近似値,2026-08-02
712,M4A1:2号機 豪華版(専属),M4A1: Unit-02 Enjoy Edition (Exclusive),銃器,Weapon,3800,2026-07-23,6,3240,3758,3800,3167,4,※価格トレンドAPI(日次データ)に基づく近似値,2026-08-02
713,M4A1:2号機 旗艦版(専属),M4A1: Unit-02 Flagship Edition (Exclusive),銃器,Weapon,3903,2026-08-02,57,3688,3886,10293,6334,41,※価格トレンドAPI(日次データ)に基づく近似値,2026-08-02
714,89式:零号機 先鋒版(専属),AR-18: Unit-00 Vanguard Edition (Exclusive),銃器,Weapon,188,2026-08-02,2,173,279,4917,317,32,※価格トレンドAPI(日次データ)に基づく近似値,2026-08-02
715,89式:零号機 豪華版(専属),AR-18: Unit-00 Enjoy Edition (Exclusive),銃器,Weapon,,,,,1156,1156,633,6,直近30日間の取引データなし,2026-08-02
716,89式:零号機 旗艦版(専属),AR-18: Unit-00 Flagship Edition (Exclusive),銃器,Weapon,1420,2026-07-19,5,1338,1409,9732,1267,17,※価格トレンドAPI(日次データ)に基づく近似値,2026-08-02
741,トレーディングガチャBOX:DEATH NOTE,Tradable Lucky Draw: DEATH NOTE,お宝 / 宝箱,Treasure / treasure chest,,,,,1583,5400,317,514,直近30日間の取引データなし,2026-08-02
742,脱走･殿堂の秘宝(取引可能),Breakout: Golden Treasure (Tradeable),お宝 / 宝箱,Treasure / treasure chest,215,2026-07-18,1,215,312,15835,317,54,※価格トレンドAPI(日次データ)に基づく近似値,2026-08-02
743,森羅万象･第六天魔王車両BOX(取引可能),Panorama: The Sixth Heaven Dark Lord Vehicle Chest (tradable),お宝 / 宝箱,Treasure / treasure chest,,,,,95008,95008,126678,6,直近30日間の取引データなし,2026-08-02
744,殿堂水晶BOX(取引可能),Palace Crystal Treasure Box (Tradable),お宝 / 宝箱,Treasure / treasure chest,,,,,0,0,42754,0,直近30日間の取引データなし,2026-08-02
778,CS LR4:双生の輪廻 先鋒版(専属),CS/LR-4: Light and Night Samsara Vanguard Edition (Exclusive),不明（カテゴリタグなし）,,,,,,2217,2217,2217,1,直近30日間の取引データなし,2026-08-02
779,CS LR4:双生の輪廻 豪華版(専属),CS/LR-4: Light and Night Samsara Enjoy Edition (Exclusive),不明（カテゴリタグなし）,,,,,,2059,3899,3959,4,直近30日間の取引データなし,2026-08-02
780,CS LR4:双生の輪廻 進化版(専属),CS/LR-4: Light and Night Samsara Advanced Edition (Exclusive),不明（カテゴリタグなし）,,,,,,0,0,7917,0,直近30日間の取引データなし,2026-08-02
781,CS LR4:双生の輪廻 旗艦版(専属),CS/LR-4: Light and Night Samsara Flagship Edition (Exclusive),不明（カテゴリタグなし）,,,,,,7126,14221,14251,23,直近30日間の取引データなし,2026-08-02
782,CS LR4:双生の輪廻 豪華版Ⅰ(専属),CS/LR-4: Light and Night Samsara Deluxe Edition I (Exclusive),不明（カテゴリタグなし）,,,,,,11401,11401,22802,1,直近30日間の取引データなし,2026-08-02
783,CS LR4:双生の輪廻 豪華版Ⅱ(専属),CS/LR-4: Light and Night Samsara Deluxe Edition II (Exclusive),不明（カテゴリタグなし）,,,,,,15835,15914,31669,6,直近30日間の取引データなし,2026-08-02
784,CS LR4:双生の輪廻 豪華版Ⅲ(専属),CS/LR-4: Light and Night Samsara Deluxe Edition III (Exclusive),不明（カテゴリタグなし）,,,,,,19002,19160,38003,28,直近30日間の取引データなし,2026-08-02
785,95式:メインボーカル 先鋒版(専属),QBZ-95: Spotlight Vocalist Vanguard Edition (Exclusive),銃器,Weapon,,,,,3058,3058,3167,1,直近30日間の取引データなし,2026-08-02
786,95式:メインボーカル 豪華版(専属),QBZ-95: Spotlight Vocalist Enjoy Edition (Exclusive),銃器,Weapon,,,,,6334,6334,6334,1,直近30日間の取引データなし,2026-08-02
787,95式:メインボーカル 進化版(専属),QBZ-95: Spotlight Vocalist Progressive Edition (Exclusive),銃器,Weapon,,,,,0,0,12668,0,直近30日間の取引データなし,2026-08-02
788,95式:メインボーカル 旗艦版(専属),QBZ-95: Spotlight Vocalist Flagship Edition (Exclusive),銃器,Weapon,,,,,9501,9501,19002,8,直近30日間の取引データなし,2026-08-02
789,95式:メインボーカル 豪華版Ⅰ(専属),QBZ-95: Spotlight Lead Singer Deluxe Edition I (Exclusive),銃器,Weapon,,,,,0,0,28502,0,直近30日間の取引データなし,2026-08-02
790,95式:メインボーカル 豪華版Ⅱ(専属),QBZ-95: Spotlight Lead Singer Deluxe Edition II (Exclusive),銃器,Weapon,,,,,21377,21377,42754,1,直近30日間の取引データなし,2026-08-02
791,95式:メインボーカル 豪華版Ⅲ(専属),QBZ-95: Spotlight Lead Singer Deluxe Edition III (Exclusive),銃器,Weapon,,,,,28502,28502,57005,24,直近30日間の取引データなし,2026-08-02
792,スチールホイール,Alloy Wheels,チップ / チップ,Chip / Chip,,,,,158,158347,317,376,直近30日間の取引データなし,2026-08-02
793,衝突ドレイン,Blood Frenzy,チップ / チップ,Chip / Chip,,,,,158,158347,317,353,直近30日間の取引データなし,2026-08-02
794,中級防護,Lv. 1 Armor,チップ / チップ,Chip / Chip,158,2026-08-02,1,158,158,103024,317,294,※価格トレンドAPI(日次データ)に基づく近似値,2026-08-02
795,爆発抑制,Explosion Delay,チップ / チップ,Chip / Chip,,,,,0,0,317,0,直近30日間の取引データなし,2026-08-02
796,敏捷なハンドリング,Agile Steering,チップ / チップ,Chip / Chip,,,,,158,29206,317,366,直近30日間の取引データなし,2026-08-02
797,ハンドルの同期,Steering Sync,チップ / チップ,Chip / Chip,158,2026-08-01,2,495,158,156341,317,513,※価格トレンドAPI(日次データ)に基づく近似値,2026-08-02
798,究極防振,Ultimate Shock Absorption,チップ / チップ,Chip / Chip,,,,,158,158347,317,462,直近30日間の取引データなし,2026-08-02
799,慣性改善,Inertia Optimization,チップ / チップ,Chip / Chip,,,,,0,0,317,0,直近30日間の取引データなし,2026-08-02
800,ハイスピードターボ,Turbo Speed,チップ / チップ,Chip / Chip,,,,,158,158347,317,409,直近30日間の取引データなし,2026-08-02
801,パワーコア,Power Core,チップ / チップ,Chip / Chip,,,,,158,158189,317,569,直近30日間の取引データなし,2026-08-02
802,最適なトルク,Best Torque,チップ / チップ,Chip / Chip,,,,,158,158347,317,541,直近30日間の取引データなし,2026-08-02
803,電光石火,Move like the wind.,チップ / チップ,Chip / Chip,,,,,0,0,317,0,直近30日間の取引データなし,2026-08-02
850,【オーロラ】取引可能BOX,"""Azure Sky"" Tradable Gift Box",お宝 / 宝箱,Treasure / treasure chest,901,2026-07-30,3,773,1162,15835,990,10,※価格トレンドAPI(日次データ)に基づく近似値,2026-08-02
856,M16A4:青薔薇の剣 豪華版Ⅲ(専属),M16A4: Blue Rose Sword Gun Deluxe Edition III (Exclusive),銃器,Weapon,,,,,19002,20620,38003,2,直近30日間の取引データなし,2026-08-02
857,ルフィ Ⅰ(専属),Luffy I (Exclusive),衣装 / セット,Outfit / Set,4434,2026-07-26,1,4434,4434,6313,6334,3,※価格トレンドAPI(日次データ)に基づく近似値,2026-08-02
858,ルフィ Ⅱ(専属),Luffy II (Exclusive),衣装 / セット,Outfit / Set,,,,,5067,10788,7601,12,直近30日間の取引データなし,2026-08-02
859,ルフィ Ⅲ(専属),Luffy III (Exclusive),衣装 / セット,Outfit / Set,,,,,6334,10362,10134,9,直近30日間の取引データなし,2026-08-02
860,ルフィ Ⅳ(専属),Luffy IV (Exclusive),衣装 / セット,Outfit / Set,,,,,8234,276427,13935,6,直近30日間の取引データなし,2026-08-02
861,ルフィ Ⅴ(専属),Luffy V (Exclusive),衣装 / セット,Outfit / Set,,,,,15646,16060,19002,2,直近30日間の取引データなし,2026-08-02
862,ルフィ:ワノ国討ち入り(専属),Luffy: Wano Country Infiltration (Exclusive),衣装 / セット,Outfit / Set,,,,,23404,48848,38003,3,直近30日間の取引データなし,2026-08-02
863,81式:ランベントライト 豪華版Ⅰ(専属),Type 81: Lambent Light Deluxe Edition I (Exclusive),銃器,Weapon,,,,,0,0,22802,0,直近30日間の取引データなし,2026-08-02
864,トレーディングコラボガチャBOX:BLEACH Vol.1,Tradable Lucky Draw: BLEACH Vol.1,お宝 / 宝箱,Treasure / treasure chest,,,,,513,1583,317,676,直近30日間の取引データなし,2026-08-02
865,トレーディングコラボガチャBOX:BLEACH Vol.2,Tradable Lucky Draw: BLEACH Vol.2,お宝 / 宝箱,Treasure / treasure chest,,,,,497,1583,317,928,直近30日間の取引データなし,2026-08-02
866,M16A4:青薔薇の剣 先鋒版(専属),M16A4: Blue Rose Sword Gun Vanguard Edition (Exclusive),銃器,Weapon,,,,,1786,3005,2217,13,直近30日間の取引データなし,2026-08-02
867,M16A4:青薔薇の剣 豪華版(専属),M16A4: Blue Rose Sword Gun Enjoy Edition (Exclusive),銃器,Weapon,,,,,2059,4476,4117,7,直近30日間の取引データなし,2026-08-02
868,M16A4:青薔薇の剣 進化版(専属),M16A4: Blue Rose Sword Gun Advanced Edition (Exclusive),銃器,Weapon,,,,,3959,7917,7917,3,直近30日間の取引データなし,2026-08-02
869,M16A4:青薔薇の剣 旗艦版(専属),M16A4: Blue Rose Sword Gun Flagship Edition (Exclusive),銃器,Weapon,,,,,7126,7126,14251,3,直近30日間の取引データなし,2026-08-02
870,M16A4:青薔薇の剣 豪華版Ⅰ(専属),M16A4: Blue Rose Sword Gun Deluxe Edition I (Exclusive),銃器,Weapon,,,,,0,0,22802,0,直近30日間の取引データなし,2026-08-02
871,M16A4:青薔薇の剣 豪華版Ⅱ(専属),M16A4: Blue Rose Sword Gun Deluxe Edition II (Exclusive),銃器,Weapon,,,,,15835,15835,31669,1,直近30日間の取引データなし,2026-08-02
872,81式:ランベントライト 先鋒版(専属),Type 81: Lambent Light Vanguard Edition (Exclusive),銃器,Weapon,,,,,1108,2735,2217,20,直近30日間の取引データなし,2026-08-02
873,81式:ランベントライト 豪華版(専属),Type 81: Lambent Light Enjoy Edition (Exclusive),銃器,Weapon,,,,,2059,11890,4117,13,直近30日間の取引データなし,2026-08-02
874,ルフィ Ⅵ(専属),Luffy VI (Exclusive),衣装 / セット,Outfit / Set,,,,,15591,37512,25336,3,直近30日間の取引データなし,2026-08-02
875,81式:ランベントライト 進化版(専属),Type 81: Lambent Light Advanced Edition (Exclusive),銃器,Weapon,,,,,3959,7697,7917,2,直近30日間の取引データなし,2026-08-02
876,81式:ランベントライト 旗艦版(専属),Type 81: Lambent Light Flagship Edition (Exclusive),銃器,Weapon,,,,,7126,7126,14251,6,直近30日間の取引データなし,2026-08-02
877,81式:ランベントライト 豪華版Ⅱ(専属),Type 81: Lambent Light Deluxe Edition II (Exclusive),銃器,Weapon,,,,,0,0,31669,0,直近30日間の取引データなし,2026-08-02
878,81式:ランベントライト 豪華版Ⅲ(専属),Type 81: Lambent Light Deluxe Edition III (Exclusive),銃器,Weapon,,,,,19002,19002,38003,1,直近30日間の取引データなし,2026-08-02
883,M4A1:ニキシア 先鋒版(専属),M4A1: Nyxia Vanguard Edition (Exclusive),銃器,Weapon,1273,2026-07-08,1,1273,830,2844,1583,23,※価格トレンドAPI(日次データ)に基づく近似値,2026-08-02
884,M4A1:ニキシア 豪華版(専属),M4A1: Nyxia Enjoy Edition (Exclusive),銃器,Weapon,1583,2026-08-02,2,1583,1583,4052,3167,25,※価格トレンドAPI(日次データ)に基づく近似値,2026-08-02
885,M4A1:ニキシア 旗艦版(専属),M4A1: Nyxia Flagship Edition (Exclusive),銃器,Weapon,3167,2026-07-27,1,3167,3167,7206,6334,12,※価格トレンドAPI(日次データ)に基づく近似値,2026-08-02
886,95式:ガイウス 先鋒版(専属),QBZ-95: Gaius Vanguard Edition (Exclusive),銃器,Weapon,,,,,830,1818,1583,5,直近30日間の取引データなし,2026-08-02
887,95式:ガイウス 豪華版(専属),QBZ-95: Gaius Enjoy Edition (Exclusive),銃器,Weapon,1884,2026-07-25,2,2385,3051,3479,3167,7,※価格トレンドAPI(日次データ)に基づく近似値,2026-08-02
888,95式:ガイウス 旗艦版(専属),QBZ-95: Gaius Flagship Edition (Exclusive),銃器,Weapon,3167,2026-07-17,1,3167,3167,3786,6334,5,※価格トレンドAPI(日次データ)に基づく近似値,2026-08-02
889,安全第一,Safety First,チップ / チップ,Chip / Chip,158,2026-07-05,1,158,158,158347,317,265,※価格トレンドAPI(日次データ)に基づく近似値,2026-08-02
890,腕自慢,Get Busy Hands,チップ / チップ,Chip / Chip,,,,,158,158347,317,809,直近30日間の取引データなし,2026-08-02
891,一輪走行,Unicycle Drive,チップ / チップ,Chip / Chip,233,2026-08-01,5,693,158,158347,1393,1135,※価格トレンドAPI(日次データ)に基づく近似値,2026-08-02
892,M16A4:雲 先鋒版(専属),M16A4: Cloud Vanguard Edition (Exclusive),銃器,Weapon,,,,,792,158347,1583,206,直近30日間の取引データなし,2026-08-02
893,M16A4:雲 豪華版(専属),M16A4: Cloud Enjoy Edition (Exclusive),銃器,Weapon,1583,2026-08-02,1,1583,1583,3289,3167,56,※価格トレンドAPI(日次データ)に基づく近似値,2026-08-02
894,M16A4:雲 旗艦版(専属),M16A4: Cloud Flagship Edition (Exclusive),銃器,Weapon,3167,2026-07-16,1,3167,3167,7214,6334,35,※価格トレンドAPI(日次データ)に基づく近似値,2026-08-02
912,脱走S2･殿堂の秘宝(取引可能),Breakout S2: Radiant Golden Treasure (Tradeable),お宝 / 宝箱,Treasure / treasure chest,,,,,236,410,317,13,直近30日間の取引データなし,2026-08-02
913,AK-47:日輪の倚天 先鋒版,AK47: Celestial Sunpiercer Vanguard Edition,銃器,Weapon,,,,,3941,4267,3167,2,直近30日間の取引データなし,2026-08-02
914,AK-47:日輪の倚天 豪華版,AK47: Celestial Sunpiercer Enjoy Edition,銃器,Weapon,5004,2026-07-14,1,5004,3959,6530,3959,12,※価格トレンドAPI(日次データ)に基づく近似値,2026-08-02
915,AK-47:日輪の倚天 進化版,AK47: Celestial Sunpiercer Enterprising Edition,銃器,Weapon,,,,,0,0,4750,0,直近30日間の取引データなし,2026-08-02
916,AK-47:日輪の倚天 旗艦版,AK47: Celestial Sunpiercer Flagship Edition,銃器,Weapon,4434,2026-07-26,1,4434,5628,11038,6334,9,※価格トレンドAPI(日次データ)に基づく近似値,2026-08-02
917,AK-47:日輪の倚天 豪華版Ⅰ,AK47: Celestial Sunpiercer Deluxe Edition I,銃器,Weapon,,,,,0,0,12668,0,直近30日間の取引データなし,2026-08-02
918,AK-47:日輪の倚天 豪華版Ⅱ,AK47: Celestial Sunpiercer Deluxe Edition II,銃器,Weapon,,,,,10489,10489,19002,1,直近30日間の取引データなし,2026-08-02
919,AK-47:日輪の倚天･神兵DX Ⅰ,AK47: Celestial Sunpiercer - Ultimate Divine Weapon I,銃器,Weapon,21606,2026-07-31,9,19157,21233,34824,31669,5,※価格トレンドAPI(日次データ)に基づく近似値,2026-08-02
920,AK-47:日輪の倚天･神兵DX Ⅱ,AK47: Celestial Sunpiercer - Ultimate Divine Weapon II,銃器,Weapon,38003,2026-07-31,2,38003,38082,58671,76007,2,※価格トレンドAPI(日次データ)に基づく近似値,2026-08-02
921,AWM:ギャラクシーブレイカー･戦艦DX Ⅰ,AWM: Dawn Breaker of the Galaxy - Ultimate Battleship I,不明（カテゴリタグなし）,,18367,2026-08-01,13,17843,18549,31669421,31669,11,※価格トレンドAPI(日次データ)に基づく近似値,2026-08-02
922,AK-47:日輪の倚天 豪華版Ⅲ,AK47: Celestial Sunpiercer Deluxe Edition III,銃器,Weapon,,,,,0,0,25336,0,直近30日間の取引データなし,2026-08-02
923,S38サプライズ･超レア(取引可能),S38 Surprise - Super Rare (Tradeable),お宝 / 宝箱,Treasure / treasure chest,,,,,633,2462,317,5,直近30日間の取引データなし,2026-08-02
924,「シャルロッテ」取引可能BOX,"""Iridescent Dream"" Tradeable Gift Box",お宝 / 宝箱,Treasure / treasure chest,2117,2026-08-01,11,2574,2342,6334,2543,7,※価格トレンドAPI(日次データ)に基づく近似値,2026-08-02
926,クロノエージェント･スペシャルBOX,Epochal Energy - Gilt Gift Box,お宝 / 宝箱,Treasure / treasure chest,,,,,15550,23347,17735,2,直近30日間の取引データなし,2026-08-02
927,ウラノエージェント･スペシャルBOX,Epochal Shadow - Gilt Gift Box,お宝 / 宝箱,Treasure / treasure chest,,,,,8867,8867,17735,2,直近30日間の取引データなし,2026-08-02
936,星霊の旅人(専属),Celestial Traveler (Exclusive),不明（カテゴリタグなし）,,,,,,792,9297,1583,75,直近30日間の取引データなし,2026-08-02
937,冬物語:定春(専属),Winter Encounter: Sadaharu (Exclusive),不明（カテゴリタグなし）,,,,,,2367,2367,1583,1,直近30日間の取引データなし,2026-08-02
938,電力循環,Electricity Cycle,チップ / チップ,Chip / Chip,31327,2026-07-21,1,31327,158,97369,317,140,※価格トレンドAPI(日次データ)に基づく近似値,2026-08-02
939,ゾロ Ⅰ(専属),Zoro I (Exclusive),衣装 / セット,Outfit / Set,4434,2026-07-28,1,4434,50456,50456,6334,1,※価格トレンドAPI(日次データ)に基づく近似値,2026-08-02
940,ゾロ Ⅱ(専属),Zoro II (Exclusive),衣装 / セット,Outfit / Set,,,,,5067,7550,7601,3,直近30日間の取引データなし,2026-08-02
941,ゾロ Ⅲ(専属),Zoro III (Exclusive),衣装 / セット,Outfit / Set,6690,2026-07-16,1,6690,7871,190017,10134,2,※価格トレンドAPI(日次データ)に基づく近似値,2026-08-02
942,トレーニングコラボガチャBOX:エヴァ第3弾絶版,Tradeable Lucky Draw: EVA No.3 Limited Edition,お宝 / 宝箱,Treasure / treasure chest,1424,2026-07-16,1,1424,1424,1583,317,1706,※価格トレンドAPI(日次データ)に基づく近似値,2026-08-02
943,新年のカエルサプライズ･超レア(取引可能),New Year Limited Frog Head Surprise - Super Rare (Tradeable),お宝 / 宝箱,Treasure / treasure chest,450,2026-07-25,1,450,0,0,317,0,※価格トレンドAPI(日次データ)に基づく近似値,2026-08-02
944,S39サプライズ･超レア(取引可能),S39 Surprise - Super Rare (Tradeable),お宝 / 宝箱,Treasure / treasure chest,,,,,291,7917,317,19,直近30日間の取引データなし,2026-08-02
945,専用衣装LvUPチケット(取引可能),Exclusive Outfit Upgrade Voucher (Tradeable),お宝 / 宝箱,Treasure / treasure chest,317,2026-08-02,54,604,317,964,1246,134,※価格トレンドAPI(日次データ)に基づく近似値,2026-08-02
946,M4A1:ハオ 先鋒版(専属),M4A1: Asakura Hao Vanguard Edition (Exclusive),銃器,Weapon,792,2026-07-23,1,792,1221,21413,1583,28,※価格トレンドAPI(日次データ)に基づく近似値,2026-08-02
947,M4A1:ハオ 豪華版(専属),M4A1: Asakura Hao Enjoy Edition (Exclusive),銃器,Weapon,2597,2026-07-26,4,2451,2595,3677,3167,12,※価格トレンドAPI(日次データ)に基づく近似値,2026-08-02
948,M4A1:ハオ 旗艦版(専属),M4A1: Asakura Hao Flagship Edition (Exclusive),銃器,Weapon,3167,2026-07-26,3,3418,3167,7024,6334,10,※価格トレンドAPI(日次データ)に基づく近似値,2026-08-02
949,M4A1:ハオ 旗艦版+(専属),M4A1: Asakura Hao Flagship Edition+ (Exclusive),銃器,Weapon,6334,2026-08-01,15,6334,6334,12668,12668,17,※価格トレンドAPI(日次データ)に基づく近似値,2026-08-02
950,MC-X:麻倉 葉 先鋒版(専属),MC-X: Yoh Asakura Pioneer Edition (Exclusive),銃器,Weapon,,,,,792,10574,1583,57,直近30日間の取引データなし,2026-08-02
951,MC-X:麻倉 葉 豪華版(専属),MC-X: Yoh Asakura Enjoy Edition (Exclusive),銃器,Weapon,1583,2026-07-06,1,1583,1583,1615,3167,2,※価格トレンドAPI(日次データ)に基づく近似値,2026-08-02
952,MC-X:麻倉 葉 旗艦版(専属),MC-X: Yoh Asakura Flagship Edition (Exclusive),銃器,Weapon,3169,2026-07-12,1,3169,0,0,6334,0,※価格トレンドAPI(日次データ)に基づく近似値,2026-08-02
953,MC-X:麻倉 葉 旗艦版+(専属),MC-X: Yoh Asakura Flagship Edition+ (Exclusive),銃器,Weapon,6334,2026-07-25,1,6334,6834,9650,12668,2,※価格トレンドAPI(日次データ)に基づく近似値,2026-08-02
954,M4A1:聖銃女王(専属),M4A1: Gunfire Coronation (Exclusive),銃器,Weapon,1455,2026-07-29,7,1948,2632,19475,1599,11,※価格トレンドAPI(日次データ)に基づく近似値,2026-08-02
955,ゾロ Ⅳ(専属),Zoro IV (Exclusive),衣装 / セット,Outfit / Set,8234,2026-07-20,2,8234,8234,14264,13935,3,※価格トレンドAPI(日次データ)に基づく近似値,2026-08-02
956,ゾロ Ⅴ(専属),Zoro V (Exclusive),衣装 / セット,Outfit / Set,,,,,0,0,19002,0,直近30日間の取引データなし,2026-08-02
957,ゾロ Ⅵ(専属),Zoro VI (Exclusive),衣装 / セット,Outfit / Set,,,,,24933,24933,25336,1,直近30日間の取引データなし,2026-08-02
958,ゾロ:ワノ国討ち入り(専属),Zoro: Wano Country Infiltration (Exclusive),衣装 / セット,Outfit / Set,20268,2026-07-19,3,24606,23682,38382,38003,2,※価格トレンドAPI(日次データ)に基づく近似値,2026-08-02
959,平常心,Calm and Collected,チップ / チップ,Chip / Chip,,,,,158,9718,317,167,直近30日間の取引データなし,2026-08-02
960,回路制御,Circuit Control,チップ / チップ,Chip / Chip,1659,2026-08-01,1,1659,158,20971,1824,180,※価格トレンドAPI(日次データ)に基づく近似値,2026-08-02
961,2人協力,Duo Collaboration,チップ / チップ,Chip / Chip,,,,,158,31774,317,188,直近30日間の取引データなし,2026-08-02
962,オーバーヒート,Power Overload,チップ / チップ,Chip / Chip,,,,,158,15914,317,196,直近30日間の取引データなし,2026-08-02
963,孤独な旅,Lonely Journey,チップ / チップ,Chip / Chip,68623,2026-07-30,2,41013,158,157870,75484,282,※価格トレンドAPI(日次データ)に基づく近似値,2026-08-02
971,X型記念:戦龍(専属),Model X Commemoration: Dragon War (Exclusive),不明（カテゴリタグなし）,,,,,,792,2114,1583,99,直近30日間の取引データなし,2026-08-02
972,サンジ I(専属),Sanji I (Exclusive),衣装 / セット,Outfit / Set,,,,,4434,8543,6334,27,直近30日間の取引データなし,2026-08-02
973,サンジ II(専属),Sanji II (Exclusive),衣装 / セット,Outfit / Set,,,,,5067,9908,7601,20,直近30日間の取引データなし,2026-08-02
974,サンジ III(専属),Sanji III (Exclusive),衣装 / セット,Outfit / Set,,,,,6334,8617,10134,3,直近30日間の取引データなし,2026-08-02
975,サンジ IV(専属),Sanji IV (Exclusive),衣装 / セット,Outfit / Set,,,,,0,0,13935,0,直近30日間の取引データなし,2026-08-02
976,サンジ V(専属),Sanji V (Exclusive),衣装 / セット,Outfit / Set,,,,,0,0,19002,0,直近30日間の取引データなし,2026-08-02
977,サンジ VI(専属),Sanji VI (Exclusive),衣装 / セット,Outfit / Set,,,,,0,0,25336,0,直近30日間の取引データなし,2026-08-02
978,サンジ:ワノ国討ち入り(専属),Sanji: Wano Country Infiltration (Exclusive),衣装 / セット,Outfit / Set,20268,2026-07-15,1,20268,31669,31669,38003,1,※価格トレンドAPI(日次データ)に基づく近似値,2026-08-02
979,「もこもこクマさん」取引可能BOX,【Hug Bear】Tradable Gift Box,お宝 / 宝箱,Treasure / treasure chest,10426,2026-07-31,12,9821,10418,15835,11292,13,※価格トレンドAPI(日次データ)に基づく近似値,2026-08-02
980,脱走S3･殿堂の秘宝(取引可能),Breakout S3: Radiant Golden Treasure (Tradeable),お宝 / 宝箱,Treasure / treasure chest,158,2026-07-25,8,158,158,1591,317,1202,※価格トレンドAPI(日次データ)に基づく近似値,2026-08-02
981,MP5:不知火舞 先鋒版(専属),MP5: Mai Shiranui Vanguard Edition (Exclusive),不明（カテゴリタグなし）,,5251,2026-08-01,11,5210,4882,5780,5775,4,※価格トレンドAPI(日次データ)に基づく近似値,2026-08-02
982,MP5:不知火舞 豪華版(専属),MP5: Mai Shiranui Enjoy Edition (Exclusive),不明（カテゴリタグなし）,,6445,2026-08-02,26,6719,6788,8647,7324,6,※価格トレンドAPI(日次データ)に基づく近似値,2026-08-02
983,MP5:不知火舞 旗艦版(専属),MP5: Mai Shiranui Flagship Edition (Exclusive),不明（カテゴリタグなし）,,9276,2026-08-02,18,9209,10695,10695,9951,1,※価格トレンドAPI(日次データ)に基づく近似値,2026-08-02
984,SACR-L:不知火舞 先鋒版(専属),SACR-L: Mai Shiranui Vanguard Edition (Exclusive),銃器,Weapon,,,,,3167,3167,1583,2,直近30日間の取引データなし,2026-08-02
985,SACR-L:不知火舞 豪華版(専属),SACR-L: Mai Shiranui Enjoy Edition (Exclusive),銃器,Weapon,2350,2026-07-30,6,2564,2344,5067,3167,9,※価格トレンドAPI(日次データ)に基づく近似値,2026-08-02
986,SACR-L:不知火舞 旗艦版(専属),SACR-L: Mai Shiranui Flagship Edition (Exclusive),銃器,Weapon,3417,2026-08-01,7,3680,4039,5542,6334,6,※価格トレンドAPI(日次データ)に基づく近似値,2026-08-02
992,S40サプライズ･超レア(取引可能),S40 Surprise - Super Rare (Tradeable),お宝 / 宝箱,Treasure / treasure chest,340,2026-07-04,1,340,253,614,317,28,※価格トレンドAPI(日次データ)に基づく近似値,2026-08-02
996,車両チップ：氷と炎,Vehicle Chip: Ice and Fire,チップ / チップ,Chip / Chip,8251,2026-07-31,25,6303,4933,28312,6658,9,※価格トレンドAPI(日次データ)に基づく近似値,2026-08-02
997,AK-47:天翔ける金龍 超DX Ⅰ,AK-47: Dragon Roar Sky Ultra Supreme I,銃器,Weapon,,,,,51468,699484,39587,4,直近30日間の取引データなし,2026-08-02
998,AK-47:天翔ける金龍 超DX Ⅱ,AK-47: Dragon Roar Sky Ultra Supreme II,銃器,Weapon,31669,2026-07-29,8,31669,31669,68848,39587,18,※価格トレンドAPI(日次データ)に基づく近似値,2026-08-02
999,AK-47:天翔ける金龍 超DX Ⅲ,AK-47: Dragon Roar Sky Ultra Supreme III,銃器,Weapon,63339,2026-08-02,5,63339,63339,126678,79174,15,※価格トレンドAPI(日次データ)に基づく近似値,2026-08-02
1000,AK-47:天翔ける金龍 超DX Ⅳ,AK-47: Dragon Roar Sky Ultra Supreme IV,銃器,Weapon,126678,2026-07-21,4,126678,126678,126944,158347,9,※価格トレンドAPI(日次データ)に基づく近似値,2026-08-02
1001,AK-47:天翔ける金龍 超DX Ⅴ,AK-47: Dragon Roar Sky Ultra Supreme V,銃器,Weapon,253355,2026-07-06,1,253355,253355,255795,316694,12,※価格トレンドAPI(日次データ)に基づく近似値,2026-08-02
1002,AK-47:天翔ける金龍 超DX Ⅵ,AK-47: Dragon Roar Sky Ultra Supreme VI,銃器,Weapon,443372,2026-07-27,3,443372,443372,797503,633388,6,※価格トレンドAPI(日次データ)に基づく近似値,2026-08-02
1003,車両チップ：炎の力,Vehicle Chip: Power of Flame,チップ / チップ,Chip / Chip,9764,2026-08-01,5,14359,9873,32167,10739,5,※価格トレンドAPI(日次データ)に基づく近似値,2026-08-02
1004,車両チップ：雷の力,Vehicle Chip: Power of Thunder,チップ / チップ,Chip / Chip,2465,2026-08-01,9,1629,2157,4803,2226,5,※価格トレンドAPI(日次データ)に基づく近似値,2026-08-02
1010,「ナイトバタフライ」取引可能BOX,"""Chaos Butterfly"" Tradeable Gift Box",お宝 / 宝箱,Treasure / treasure chest,4386,2026-08-02,16,4240,4386,15833,4860,17,※価格トレンドAPI(日次データ)に基づく近似値,2026-08-02
1017,車両チップ:リバース,Vehicle Chip: Counterflow Core,チップ / チップ,Chip / Chip,1108,2026-08-02,7,1655,2662,15835,2217,9,※価格トレンドAPI(日次データ)に基づく近似値,2026-08-02
1018,トレーディングコラボガチャBOX:竈門炭治郎＆無限列車,Tradable Gacha: Tanjiro Kamado & Mugen Train Supply Box,お宝 / 宝箱,Treasure / treasure chest,475,2026-08-02,7,491,671,1463,519,659,※価格トレンドAPI(日次データ)に基づく近似値,2026-08-02
1019,脱走･鎏金のお宝(取引可能),Breakout: Radiant Golden Treasure (Tradeable),お宝 / 宝箱,Treasure / treasure chest,158,2026-08-02,8,4885,158,15835,2325,17541,※価格トレンドAPI(日次データ)に基づく近似値,2026-08-02
1032,「ふわふわビキニ」取引可能BOX,"""Innocent Fantasy"" Tradeable Gift Box",お宝 / 宝箱,Treasure / treasure chest,1371,2026-07-18,1,1371,1365,15835,317,10,※価格トレンドAPI(日次データ)に基づく近似値,2026-08-02
1038,95式:JACKPOT 豪華版,QBZ-95: Golden Blade Enjoy Edition,銃器,Weapon,2059,2026-07-16,2,2059,2059,1266777,3959,223,※価格トレンドAPI(日次データ)に基づく近似値,2026-08-02
1039,95式:JACKPOT 旗艦版,QBZ-95: Golden Blade Flagship Edition,銃器,Weapon,4434,2026-07-31,1,4434,4434,32018,6334,121,※価格トレンドAPI(日次データ)に基づく近似値,2026-08-02
1040,95式:JACKPOT 先鋒版,QBZ-95: Golden Blade Vanguard Edition,銃器,Weapon,1583,2026-07-15,1,1583,1583,6033,3167,61,※価格トレンドAPI(日次データ)に基づく近似値,2026-08-02
1041,95式:JACKPOT 進化版,QBZ-95: Golden Blade Advancement Edition,銃器,Weapon,3167,2026-07-15,1,3167,4849,6043,4750,3,※価格トレンドAPI(日次データ)に基づく近似値,2026-08-02
1042,95式:JACKPOT 豪華版Ⅰ,QBZ-95: Golden Blade Deluxe Edition I,銃器,Weapon,,,,,0,0,12668,0,直近30日間の取引データなし,2026-08-02
1043,95式:JACKPOT 豪華版Ⅱ,QBZ-95: Golden Blade Deluxe Edition II,銃器,Weapon,,,,,9501,26181,19002,41,直近30日間の取引データなし,2026-08-02
1044,95式:JACKPOT 豪華版Ⅲ,QBZ-95: Golden Blade Deluxe Edition III,銃器,Weapon,,,,,15491,15491,25336,1,直近30日間の取引データなし,2026-08-02
1045,95式:JACKPOT･周年DX Ⅰ,QBZ-95: Golden Blade - Anniversary Ultimate I,銃器,Weapon,15835,2026-07-27,19,15835,15835,1583471,31669,100,※価格トレンドAPI(日次データ)に基づく近似値,2026-08-02
1046,95式:JACKPOT･周年DX Ⅱ,QBZ-95: Golden Blade - Anniversary Ultimate II,銃器,Weapon,38003,2026-07-17,2,38003,38003,38003,76007,11,※価格トレンドAPI(日次データ)に基づく近似値,2026-08-02
1047,95式:JACKPOT･周年DX Ⅲ,QBZ-95: Golden Blade - Anniversary Ultimate III,銃器,Weapon,102926,2026-07-26,1,102926,102926,102926,205851,1,※価格トレンドAPI(日次データ)に基づく近似値,2026-08-02
1048,「​JKニキシア」取引可能BOX,"""Agent Nyxia·JK"" Tradeable Gift Box",お宝 / 宝箱,Treasure / treasure chest,732,2026-08-01,2,798,869,2054,804,11,※価格トレンドAPI(日次データ)に基づく近似値,2026-08-02
1054,「うさうさエプロン」取引可能BOX,"""Baking Game"" Tradeable Gift Box",お宝 / 宝箱,Treasure / treasure chest,1462,2026-08-01,2,1458,1348,15727,1607,19,※価格トレンドAPI(日次データ)に基づく近似値,2026-08-02
1055,車両チップ：サイレント,Vehicle Chip: Titmouse,チップ / チップ,Chip / Chip,2256,2026-08-02,12,1630,2662,9838,2217,5,※価格トレンドAPI(日次データ)に基づく近似値,2026-08-02
1067,「夏の約束」取引可能BOX,"""Sparkling Promise"" Tradeable Gift Box",お宝 / 宝箱,Treasure / treasure chest,3791,2026-08-02,3,3600,3642,5889,4169,6,※価格トレンドAPI(日次データ)に基づく近似値,2026-08-02
1068,コラボガチャBOX:進撃の巨人第4弾(取引可能),Lucky Draw: Attack on Titan collaboration Vol.4 (Tradable),お宝 / 宝箱,Treasure / treasure chest,534,2026-07-23,1,534,632,1037,317,288,※価格トレンドAPI(日次データ)に基づく近似値,2026-08-02
1069,車両チップ：破刃,Vehicle Chip: Broken Blade,チップ / チップ,Chip / Chip,1108,2026-08-02,8,2191,2860,16520,2217,6,※価格トレンドAPI(日次データ)に基づく近似値,2026-08-02
1093,金のサメサプライズ･超レア(取引可能),Golden Shark Surprise - Super Rare (Tradeable),お宝 / 宝箱,Treasure / treasure chest,,,,,317,5599,317,10,直近30日間の取引データなし,2026-08-02
1094,【中華ゾンビ娘】取引可能BOX,"""Bounce Phantom"" Tradeable Gift Box",お宝 / 宝箱,Treasure / treasure chest,1878,2026-07-31,16,1957,2076,15727,2073,31,※価格トレンドAPI(日次データ)に基づく近似値,2026-08-02
1104,車両チップ：十五夜,Vehicle Chip: Mid-Autumn,チップ / チップ,Chip / Chip,1108,2026-08-02,10,1510,3416,15835,2217,2,※価格トレンドAPI(日次データ)に基づく近似値,2026-08-02
1110,車両チップ：無限,Vehicle Chip: Infinite,チップ / チップ,Chip / Chip,3769,2026-07-31,10,4086,3495,10207,3922,6,※価格トレンドAPI(日次データ)に基づく近似値,2026-08-02
1111,LI-NING 極光天行(専属),Li-Ning Jiguang Tianxing (Exclusive),衣装 / セット,Outfit / Set,21971,2026-08-02,24,21748,23150,32637,22055,5,※価格トレンドAPI(日次データ)に基づく近似値,2026-08-02
1112,LI-NING レトロシリーズ(専属),Li-Ning Retro Series (Exclusive),衣装 / セット,Outfit / Set,7525,2026-08-02,39,6960,7325,9110,7737,18,※価格トレンドAPI(日次データ)に基づく近似値,2026-08-02
1113,LI-NING 極光風行(専属),Li-Ning Jiguang Fengxing (Exclusive),衣装 / セット,Outfit / Set,5997,2026-07-31,33,5791,5642,8665,6161,18,※価格トレンドAPI(日次データ)に基づく近似値,2026-08-02
1134,「​トレインスター」取引可能BOX,"""Railway Intern"" Tradeable Gift Box",お宝 / 宝箱,Treasure / treasure chest,1392,2026-08-01,2,1408,1393,3167,1530,5,※価格トレンドAPI(日次データ)に基づく近似値,2026-08-02
1144,【クールシュガー】取引可能BOX,"""Broken Sweetie"" Tradeable Gift Box",お宝 / 宝箱,Treasure / treasure chest,974,2026-08-02,14,1062,975,15835,1126,128,※価格トレンドAPI(日次データ)に基づく近似値,2026-08-02
1201,【いちごムース】取引可能BOX,"""Strawberry Ice Cream"" Tradeable Gift Box",お宝 / 宝箱,Treasure / treasure chest,158,2026-08-02,7,212,217,4836,317,175,※価格トレンドAPI(日次データ)に基づく近似値,2026-08-02
1221,【ボンボンショコラ】取引可能BOX,"""Heart of Wine Romance"" Tradeable Gift Box",お宝 / 宝箱,Treasure / treasure chest,413,2026-07-29,9,2149,407,15835,454,40,※価格トレンドAPI(日次データ)に基づく近似値,2026-08-02
1253,車両チップ：春芽,Vehicle Chip: Spring Bud,チップ / チップ,Chip / Chip,2803,2026-08-01,9,1511,2465,15352,2366,4,※価格トレンドAPI(日次データ)に基づく近似値,2026-08-02
1254,【お花見さんぽ】取引可能BOX,"""Cherry Blossom Day"" Tradeable Gift Box",お宝 / 宝箱,Treasure / treasure chest,168,2026-08-02,14,179,158,2901,317,17,※価格トレンドAPI(日次データ)に基づく近似値,2026-08-02
1310,トレーディングコラボガチャBOX:『東京喰種』コラボ第6弾,Tradable Gacha: Tokyo Ghoul Season 6,お宝 / 宝箱,Treasure / treasure chest,391,2026-08-01,9,210,158,15504,317,523,※価格トレンドAPI(日次データ)に基づく近似値,2026-08-02
1316,「ルージュの法則」取引可能BOX,"""Scarlet Law"" Tradeable Gift Box",お宝 / 宝箱,Treasure / treasure chest,302,2026-07-28,2,302,302,980,333,24,※価格トレンドAPI(日次データ)に基づく近似値,2026-08-02
1327,トレーディングコラボガチャBOX:にじさんじ第4弾,Tradable Gacha: NIJISANJI Vol.4,お宝 / 宝箱,Treasure / treasure chest,507,2026-08-02,8,427,521,4716,521,409,※価格トレンドAPI(日次データ)に基づく近似値,2026-08-02
1328,【恋する昭和レトロ】取引可能BOX,"""Modern Times"" Tradeable Gift Box",お宝 / 宝箱,Treasure / treasure chest,1036,2026-07-23,1,1036,1020,3167,317,14,※価格トレンドAPI(日次データ)に基づく近似値,2026-08-02
1368,【恋のメモ帳】取引可能BOX,【白日恋语】可交易礼盒,お宝 / 宝箱,Treasure / treasure chest,649,2026-08-02,12,640,651,2393,713,61,※価格トレンドAPI(日次データ)に基づく近似値,2026-08-02
1407,トレーディングコラボガチャBOX:BLEACH 第二弾,Tradable Lucky Draw: BLEACH Vol.2,お宝 / 宝箱,Treasure / treasure chest,312,2026-07-25,3,350,632,15835,317,530,※価格トレンドAPI(日次データ)に基づく近似値,2026-08-02
1408,【幻蝶の物語】取引可能BOX,"""Butterfly Tale"" Tradeable Gift Box",お宝 / 宝箱,Treasure / treasure chest,458,2026-07-28,5,473,462,739,502,18,※価格トレンドAPI(日次データ)に基づく近似値,2026-08-02
1446,M16A4:レゾナンス･ゼロ 先鋒版,M16A4: Dark Matter Vanguard Edition,銃器,Weapon,1583,2026-07-31,15,1638,1583,17033,3167,30,※価格トレンドAPI(日次データ)に基づく近似値,2026-08-02
1447,M16A4:レゾナンス･ゼロ 豪華版,M16A4: Dark Matter Enjoy Edition,銃器,Weapon,2059,2026-08-02,9,2059,2059,1583471,3959,92,※価格トレンドAPI(日次データ)に基づく近似値,2026-08-02
1448,M16A4:レゾナンス･ゼロ 進化版,M16A4: Dark Matter Hum Advanced Edition,銃器,Weapon,,,,,0,0,4750,0,直近30日間の取引データなし,2026-08-02
1449,M16A4:レゾナンス･ゼロ 旗艦版,M16A4: Dark Matter Flagship Edition,銃器,Weapon,4434,2026-07-22,2,4434,4434,8160,6334,56,※価格トレンドAPI(日次データ)に基づく近似値,2026-08-02
1450,M16A4:レゾナンス･ゼロ 豪華版Ⅰ,M16A4: Dark Matter Deluxe Edition I,銃器,Weapon,,,,,9501,9501,12668,1,直近30日間の取引データなし,2026-08-02
1451,M16A4:レゾナンス･ゼロ 豪華版Ⅱ,M16A4: Dark Matter Deluxe Edition II,銃器,Weapon,9501,2026-07-26,5,9501,9501,19002,19002,19,※価格トレンドAPI(日次データ)に基づく近似値,2026-08-02
1452,M16A4:レゾナンス･ゼロ 豪華版Ⅲ,M16A4: Dark Matter Deluxe Edition III,銃器,Weapon,,,,,12693,12693,25336,1,直近30日間の取引データなし,2026-08-02
1453,M16A4:レゾナンス･ゼロ 周年DX Ⅰ,M16A4: Dark Matter Resonance - Anniversary Supreme I,銃器,Weapon,15835,2026-08-02,36,16327,15835,37872,31669,22,※価格トレンドAPI(日次データ)に基づく近似値,2026-08-02
1454,M16A4:レゾナンス･ゼロ 周年DX Ⅱ,M16A4: Dark Matter Resonance - Anniversary Supreme II,銃器,Weapon,43348,2026-07-31,9,43919,45783,45783,76007,1,※価格トレンドAPI(日次データ)に基づく近似値,2026-08-02
1455,M16A4:レゾナンス･ゼロ 周年DX Ⅲ,M16A4: Dark Matter Resonance - Anniversary Supreme III,銃器,Weapon,189359,2026-07-18,1,189359,105568,105568,205851,1,※価格トレンドAPI(日次データ)に基づく近似値,2026-08-02
1456,トレーディングガチャBOX:『エヴァ』第4弾,Tradable Lucky Draw: Evangelion Phase 4,お宝 / 宝箱,Treasure / treasure chest,473,2026-07-25,1,473,416,9384,317,490,※価格トレンドAPI(日次データ)に基づく近似値,2026-08-02
1463,ゼロ･ヴァンガード･スペシャルBOX,Stellar Core Era · Golden Gift Box,お宝 / 宝箱,Treasure / treasure chest,8867,2026-07-16,1,8867,8867,18962,17735,79,※価格トレンドAPI(日次データ)に基づく近似値,2026-08-02
1464,ヴェスパーライン･スペシャルBOX,Stardust Echo · Golden Gift Box,お宝 / 宝箱,Treasure / treasure chest,8867,2026-07-16,1,8867,8867,21804,17735,48,※価格トレンドAPI(日次データ)に基づく近似値,2026-08-02
1465,【荊棘の口づけ】取引可能BOX,"""Bramble Kiss"" Tradeable Gift Box",お宝 / 宝箱,Treasure / treasure chest,,,,,0,0,317,0,直近30日間の取引データなし,2026-08-02
